Código Provincia,Provincia,Cantón,Parroquia
01,AZUAY,CUENCA,BELLAVISTA
01,AZUAY,CUENCA,CAÑARIBAMBA
01,AZUAY,CUENCA,EL BATÁN
01,AZUAY,CUENCA,EL SAGRARIO
01,AZUAY,CUENCA,EL VECINO
01,AZUAY,CUENCA,GIL RAMÍREZ DÁVALOS
01,AZUAY,CUENCA,HUAYNACÁPAC
01,AZUAY,CUENCA,MACHÁNGARA
01,AZUAY,CUENCA,MONAY
01,AZUAY,CUENCA,SAN BLAS
01,AZUAY,CUENCA,SAN SEBASTIÁN
01,AZUAY,CUENCA,SUCRE
01,AZUAY,CUENCA,TOTORACOCHA
01,AZUAY,CUENCA,YANUNCAY
01,AZUAY,CUENCA,HERMANO MIGUEL
01,AZUAY,CUENCA,CUENCA
01,AZUAY,CUENCA,BAÑOS
01,AZUAY,CUENCA,CUMBE
01,AZUAY,CUENCA,CHAUCHA
01,AZUAY,CUENCA,CHECA (JIDCAY)
01,AZUAY,CUENCA,CHIQUINTAD
01,AZUAY,CUENCA,LLACAO
01,AZUAY,CUENCA,MOLLETURO
01,AZUAY,CUENCA,NULTI
01,AZUAY,CUENCA,OCTAVIO CORDERO PALACIOS (SANTA ROSA)
01,AZUAY,CUENCA,PACCHA
01,AZUAY,CUENCA,QUINGEO
01,AZUAY,CUENCA,RICAURTE
01,AZUAY,CUENCA,SAN JOAQUÍN
01,AZUAY,CUENCA,SANTA ANA
01,AZUAY,CUENCA,SAYAUSÍ
01,AZUAY,CUENCA,SIDCAY
01,AZUAY,CUENCA,SININCAY
01,AZUAY,CUENCA,TARQUI
01,AZUAY,CUENCA,TURI
01,AZUAY,CUENCA,VALLE
01,AZUAY,CUENCA,VICTORIA DEL PORTETE (IRQUIS)
01,AZUAY,GIRÓN,GIRÓN
01,AZUAY,GIRÓN,ASUNCIÓN
01,AZUAY,GIRÓN,SAN GERARDO
01,AZUAY,GUALACEO,GUALACEO
01,AZUAY,GUALACEO,CHORDELEG
01,AZUAY,GUALACEO,DANIEL CÓRDOVA TORAL (EL ORIENTE)
01,AZUAY,GUALACEO,JADÁN
01,AZUAY,GUALACEO,MARIANO MORENO
01,AZUAY,GUALACEO,PRINCIPAL
01,AZUAY,GUALACEO,REMIGIO CRESPO TORAL (GÚLAG)
01,AZUAY,GUALACEO,SAN JUAN
01,AZUAY,GUALACEO,ZHIDMAD
01,AZUAY,GUALACEO,LUIS CORDERO VEGA
01,AZUAY,GUALACEO,SIMÓN BOLÍVAR (CAB. EN GAÑANZOL)
01,AZUAY,NABÓN,NABÓN
01,AZUAY,NABÓN,COCHAPATA
01,AZUAY,NABÓN,EL PROGRESO (CAB.EN ZHOTA)
01,AZUAY,NABÓN,LAS NIEVES (CHAYA)
01,AZUAY,NABÓN,OÑA
01,AZUAY,PAUTE,PAUTE
01,AZUAY,PAUTE,AMALUZA
01,AZUAY,PAUTE,BULÁN (JOSÉ VÍCTOR IZQUIERDO)
01,AZUAY,PAUTE,CHICÁN (GUILLERMO ORTEGA)
01,AZUAY,PAUTE,EL CABO
01,AZUAY,PAUTE,GUACHAPALA
01,AZUAY,PAUTE,GUARAINAG
01,AZUAY,PAUTE,PALMAS
01,AZUAY,PAUTE,PAN
01,AZUAY,PAUTE,SAN CRISTÓBAL (CARLOS ORDÓÑEZ LAZO)
01,AZUAY,PAUTE,SEVILLA DE ORO
01,AZUAY,PAUTE,TOMEBAMBA
01,AZUAY,PAUTE,DUG DUG
01,AZUAY,PUCARA,PUCARÁ
01,AZUAY,PUCARA,CAMILO PONCE ENRÍQUEZ (CAB. EN RÍO 7 DE MOLLEPONGO
01,AZUAY,PUCARA,SAN RAFAEL DE SHARUG
01,AZUAY,SAN FERNANDO,SAN FERNANDO
01,AZUAY,SAN FERNANDO,CHUMBLÍN
01,AZUAY,SANTA ISABEL,SANTA ISABEL (CHAGUARURCO)
01,AZUAY,SANTA ISABEL,ABDÓN CALDERÓN (LA UNIÓN)
01,AZUAY,SANTA ISABEL,EL CARMEN DE PIJILÍ
01,AZUAY,SANTA ISABEL,ZHAGLLI (SHAGLLI)
01,AZUAY,SANTA ISABEL,SAN SALVADOR DE CAÑARIBAMBA
01,AZUAY,SIGSIG,SIGSIG
01,AZUAY,SIGSIG,CUCHIL (CUTCHIL)
01,AZUAY,SIGSIG,GIMA
01,AZUAY,SIGSIG,GUEL
01,AZUAY,SIGSIG,LUDO
01,AZUAY,SIGSIG,SAN BARTOLOMÉ
01,AZUAY,SIGSIG,SAN JOSÉ DE RARANGA
01,AZUAY,OÑA,SAN FELIPE DE OÑA CABECERA CANTONAL
01,AZUAY,OÑA,SUSUDEL
01,AZUAY,CHORDELEG,CHORDELEG
01,AZUAY,CHORDELEG,PRINCIPAL
01,AZUAY,CHORDELEG,LA UNIÓN
01,AZUAY,CHORDELEG,LUIS GALARZA ORELLANA (CAB.EN DELEGSOL)
01,AZUAY,CHORDELEG,SAN MARTÍN DE PUZHIO
01,AZUAY,EL PAN,EL PAN
01,AZUAY,EL PAN,AMALUZA
01,AZUAY,EL PAN,PALMAS
01,AZUAY,EL PAN,SAN VICENTE
01,AZUAY,SEVILLA DE ORO,SEVILLA DE ORO
01,AZUAY,SEVILLA DE ORO,AMALUZA
01,AZUAY,SEVILLA DE ORO,PALMAS
01,AZUAY,GUACHAPALA,GUACHAPALA
01,AZUAY,CAMILO PONCE ENRÍQUEZ,CAMILO PONCE ENRÍQUEZ
01,AZUAY,CAMILO PONCE ENRÍQUEZ,EL CARMEN DE PIJILÍ
02,BOLIVAR,GUARANDA,ÁNGEL POLIBIO CHÁVES
02,BOLIVAR,GUARANDA,GABRIEL IGNACIO VEINTIMILLA
02,BOLIVAR,GUARANDA,GUANUJO
02,BOLIVAR,GUARANDA,GUARANDA
02,BOLIVAR,GUARANDA,FACUNDO VELA
02,BOLIVAR,GUARANDA,GUANUJO
02,BOLIVAR,GUARANDA,JULIO E. MORENO (CATANAHUÁN GRANDE)
02,BOLIVAR,GUARANDA,LAS NAVES
02,BOLIVAR,GUARANDA,SALINAS
02,BOLIVAR,GUARANDA,SAN LORENZO
02,BOLIVAR,GUARANDA,SAN SIMÓN (YACOTO)
02,BOLIVAR,GUARANDA,SANTA FÉ (SANTA FÉ)
02,BOLIVAR,GUARANDA,SIMIÁTUG
02,BOLIVAR,GUARANDA,SAN LUIS DE PAMBIL
02,BOLIVAR,CHILLANES,CHILLANES
02,BOLIVAR,CHILLANES,SAN JOSÉ DEL TAMBO (TAMBOPAMBA)
02,BOLIVAR,CHIMBO,SAN JOSÉ DE CHIMBO
02,BOLIVAR,CHIMBO,ASUNCIÓN (ASANCOTO)
02,BOLIVAR,CHIMBO,CALUMA
02,BOLIVAR,CHIMBO,MAGDALENA (CHAPACOTO)
02,BOLIVAR,CHIMBO,SAN SEBASTIÁN
02,BOLIVAR,CHIMBO,TELIMBELA
02,BOLIVAR,ECHEANDÍA,ECHEANDÍA
02,BOLIVAR,SAN MIGUEL,SAN MIGUEL
02,BOLIVAR,SAN MIGUEL,BALSAPAMBA
02,BOLIVAR,SAN MIGUEL,BILOVÁN
02,BOLIVAR,SAN MIGUEL,RÉGULO DE MORA
02,BOLIVAR,SAN MIGUEL,SAN PABLO (SAN PABLO DE ATENAS)
02,BOLIVAR,SAN MIGUEL,SANTIAGO
02,BOLIVAR,SAN MIGUEL,SAN VICENTE
02,BOLIVAR,CALUMA,CALUMA
02,BOLIVAR,LAS NAVES,LAS MERCEDES
02,BOLIVAR,LAS NAVES,LAS NAVES
02,BOLIVAR,LAS NAVES,LAS NAVES
03,CAÑAR,AZOGUES,AURELIO BAYAS MARTÍNEZ
03,CAÑAR,AZOGUES,AZOGUES
03,CAÑAR,AZOGUES,BORRERO
03,CAÑAR,AZOGUES,SAN FRANCISCO
03,CAÑAR,AZOGUES,AZOGUES
03,CAÑAR,AZOGUES,COJITAMBO
03,CAÑAR,AZOGUES,DÉLEG
03,CAÑAR,AZOGUES,GUAPÁN
03,CAÑAR,AZOGUES,JAVIER LOYOLA (CHUQUIPATA)
03,CAÑAR,AZOGUES,LUIS CORDERO
03,CAÑAR,AZOGUES,PINDILIG
03,CAÑAR,AZOGUES,RIVERA
03,CAÑAR,AZOGUES,SAN MIGUEL
03,CAÑAR,AZOGUES,SOLANO
03,CAÑAR,AZOGUES,TADAY
03,CAÑAR,BIBLIÁN,BIBLIÁN
03,CAÑAR,BIBLIÁN,NAZÓN (CAB. EN PAMPA DE DOMÍNGUEZ)
03,CAÑAR,BIBLIÁN,SAN FRANCISCO DE SAGEO
03,CAÑAR,BIBLIÁN,TURUPAMBA
03,CAÑAR,BIBLIÁN,JERUSALÉN
03,CAÑAR,CAÑAR,CAÑAR
03,CAÑAR,CAÑAR,CHONTAMARCA
03,CAÑAR,CAÑAR,CHOROCOPTE
03,CAÑAR,CAÑAR,GENERAL MORALES (SOCARTE)
03,CAÑAR,CAÑAR,GUALLETURO
03,CAÑAR,CAÑAR,HONORATO VÁSQUEZ (TAMBO VIEJO)
03,CAÑAR,CAÑAR,INGAPIRCA
03,CAÑAR,CAÑAR,JUNCAL
03,CAÑAR,CAÑAR,SAN ANTONIO
03,CAÑAR,CAÑAR,SUSCAL
03,CAÑAR,CAÑAR,TAMBO
03,CAÑAR,CAÑAR,ZHUD
03,CAÑAR,CAÑAR,VENTURA
03,CAÑAR,CAÑAR,DUCUR
03,CAÑAR,LA TRONCAL,LA TRONCAL
03,CAÑAR,LA TRONCAL,MANUEL J. CALLE
03,CAÑAR,LA TRONCAL,PANCHO NEGRO
03,CAÑAR,EL TAMBO,EL TAMBO
03,CAÑAR,DÉLEG,DÉLEG
03,CAÑAR,DÉLEG,SOLANO
03,CAÑAR,SUSCAL,SUSCAL
04,CARCHI,TULCÁN,GONZÁLEZ SUÁREZ
04,CARCHI,TULCÁN,TULCÁN
04,CARCHI,TULCÁN,TULCÁN
04,CARCHI,TULCÁN,EL CARMELO (EL PUN)
04,CARCHI,TULCÁN,HUACA
04,CARCHI,TULCÁN,JULIO ANDRADE (OREJUELA)
04,CARCHI,TULCÁN,MALDONADO
04,CARCHI,TULCÁN,PIOTER
04,CARCHI,TULCÁN,TOBAR DONOSO (LA BOCANA DE CAMUMBÍ)
04,CARCHI,TULCÁN,TUFIÑO
04,CARCHI,TULCÁN,URBINA (TAYA)
04,CARCHI,TULCÁN,EL CHICAL
04,CARCHI,TULCÁN,MARISCAL SUCRE
04,CARCHI,TULCÁN,SANTA MARTHA DE CUBA
04,CARCHI,BOLÍVAR,BOLÍVAR
04,CARCHI,BOLÍVAR,GARCÍA MORENO
04,CARCHI,BOLÍVAR,LOS ANDES
04,CARCHI,BOLÍVAR,MONTE OLIVO
04,CARCHI,BOLÍVAR,SAN VICENTE DE PUSIR
04,CARCHI,BOLÍVAR,SAN RAFAEL
04,CARCHI,ESPEJO,EL ÁNGEL
04,CARCHI,ESPEJO,27 DE SEPTIEMBRE
04,CARCHI,ESPEJO,EL ANGEL
04,CARCHI,ESPEJO,EL GOALTAL
04,CARCHI,ESPEJO,LA LIBERTAD (ALIZO)
04,CARCHI,ESPEJO,SAN ISIDRO
04,CARCHI,MIRA,MIRA (CHONTAHUASI)
04,CARCHI,MIRA,CONCEPCIÓN
04,CARCHI,MIRA,JIJÓN Y CAAMAÑO (CAB. EN RÍO BLANCO)
04,CARCHI,MIRA,JUAN MONTALVO (SAN IGNACIO DE QUIL)
04,CARCHI,MONTÚFAR,GONZÁLEZ SUÁREZ
04,CARCHI,MONTÚFAR,SAN JOSÉ
04,CARCHI,MONTÚFAR,SAN GABRIEL
04,CARCHI,MONTÚFAR,CRISTÓBAL COLÓN
04,CARCHI,MONTÚFAR,CHITÁN DE NAVARRETE
04,CARCHI,MONTÚFAR,FERNÁNDEZ SALVADOR
04,CARCHI,MONTÚFAR,LA PAZ
04,CARCHI,MONTÚFAR,PIARTAL
04,CARCHI,SAN PEDRO DE HUACA,HUACA
04,CARCHI,SAN PEDRO DE HUACA,MARISCAL SUCRE
05,COTOPAXI,LATACUNGA,ELOY ALFARO (SAN FELIPE)
05,COTOPAXI,LATACUNGA,IGNACIO FLORES (PARQUE FLORES)
05,COTOPAXI,LATACUNGA,JUAN MONTALVO (SAN SEBASTIÁN)
05,COTOPAXI,LATACUNGA,LA MATRIZ
05,COTOPAXI,LATACUNGA,SAN BUENAVENTURA
05,COTOPAXI,LATACUNGA,LATACUNGA
05,COTOPAXI,LATACUNGA,ALAQUES (ALÁQUEZ)
05,COTOPAXI,LATACUNGA,BELISARIO QUEVEDO (GUANAILÍN)
05,COTOPAXI,LATACUNGA,GUAITACAMA (GUAYTACAMA)
05,COTOPAXI,LATACUNGA,JOSEGUANGO BAJO
05,COTOPAXI,LATACUNGA,LAS PAMPAS
05,COTOPAXI,LATACUNGA,MULALÓ
05,COTOPAXI,LATACUNGA,11 DE NOVIEMBRE (ILINCHISI)
05,COTOPAXI,LATACUNGA,POALÓ
05,COTOPAXI,LATACUNGA,SAN JUAN DE PASTOCALLE
05,COTOPAXI,LATACUNGA,SIGCHOS
05,COTOPAXI,LATACUNGA,TANICUCHÍ
05,COTOPAXI,LATACUNGA,TOACASO
05,COTOPAXI,LATACUNGA,PALO QUEMADO
05,COTOPAXI,LA MANÁ,EL CARMEN
05,COTOPAXI,LA MANÁ,LA MANÁ
05,COTOPAXI,LA MANÁ,EL TRIUNFO
05,COTOPAXI,LA MANÁ,LA MANÁ
05,COTOPAXI,LA MANÁ,GUASAGANDA (CAB.EN GUASAGANDA
05,COTOPAXI,LA MANÁ,PUCAYACU
05,COTOPAXI,PANGUA,EL CORAZÓN
05,COTOPAXI,PANGUA,MORASPUNGO
05,COTOPAXI,PANGUA,PINLLOPATA
05,COTOPAXI,PANGUA,RAMÓN CAMPAÑA
05,COTOPAXI,PUJILI,PUJILÍ
05,COTOPAXI,PUJILI,ANGAMARCA
05,COTOPAXI,PUJILI,CHUCCHILÁN (CHUGCHILÁN)
05,COTOPAXI,PUJILI,GUANGAJE
05,COTOPAXI,PUJILI,ISINLIBÍ (ISINLIVÍ)
05,COTOPAXI,PUJILI,LA VICTORIA
05,COTOPAXI,PUJILI,PILALÓ
05,COTOPAXI,PUJILI,TINGO
05,COTOPAXI,PUJILI,ZUMBAHUA
05,COTOPAXI,SALCEDO,SAN MIGUEL
05,COTOPAXI,SALCEDO,ANTONIO JOSÉ HOLGUÍN (SANTA LUCÍA)
05,COTOPAXI,SALCEDO,CUSUBAMBA
05,COTOPAXI,SALCEDO,MULALILLO
05,COTOPAXI,SALCEDO,MULLIQUINDIL (SANTA ANA)
05,COTOPAXI,SALCEDO,PANSALEO
05,COTOPAXI,SAQUISILÍ,SAQUISILÍ
05,COTOPAXI,SAQUISILÍ,CANCHAGUA
05,COTOPAXI,SAQUISILÍ,CHANTILÍN
05,COTOPAXI,SAQUISILÍ,COCHAPAMBA
05,COTOPAXI,SIGCHOS,SIGCHOS
05,COTOPAXI,SIGCHOS,CHUGCHILLÁN
05,COTOPAXI,SIGCHOS,ISINLIVÍ
05,COTOPAXI,SIGCHOS,LAS PAMPAS
05,COTOPAXI,SIGCHOS,PALO QUEMADO
06,CHIMBORAZO,RIOBAMBA,LIZARZABURU
06,CHIMBORAZO,RIOBAMBA,MALDONADO
06,CHIMBORAZO,RIOBAMBA,VELASCO
06,CHIMBORAZO,RIOBAMBA,VELOZ
06,CHIMBORAZO,RIOBAMBA,YARUQUÍES
06,CHIMBORAZO,RIOBAMBA,RIOBAMBA
06,CHIMBORAZO,RIOBAMBA,CACHA (CAB. EN MACHÁNGARA)
06,CHIMBORAZO,RIOBAMBA,CALPI
06,CHIMBORAZO,RIOBAMBA,CUBIJÍES
06,CHIMBORAZO,RIOBAMBA,FLORES
06,CHIMBORAZO,RIOBAMBA,LICÁN
06,CHIMBORAZO,RIOBAMBA,LICTO
06,CHIMBORAZO,RIOBAMBA,PUNGALÁ
06,CHIMBORAZO,RIOBAMBA,PUNÍN
06,CHIMBORAZO,RIOBAMBA,QUIMIAG
06,CHIMBORAZO,RIOBAMBA,SAN JUAN
06,CHIMBORAZO,RIOBAMBA,SAN LUIS
06,CHIMBORAZO,ALAUSI,ALAUSÍ
06,CHIMBORAZO,ALAUSI,ACHUPALLAS
06,CHIMBORAZO,ALAUSI,CUMANDÁ
06,CHIMBORAZO,ALAUSI,GUASUNTOS
06,CHIMBORAZO,ALAUSI,HUIGRA
06,CHIMBORAZO,ALAUSI,MULTITUD
06,CHIMBORAZO,ALAUSI,PISTISHÍ (NARIZ DEL DIABLO)
06,CHIMBORAZO,ALAUSI,PUMALLACTA
06,CHIMBORAZO,ALAUSI,SEVILLA
06,CHIMBORAZO,ALAUSI,SIBAMBE
06,CHIMBORAZO,ALAUSI,TIXÁN
06,CHIMBORAZO,COLTA,CAJABAMBA
06,CHIMBORAZO,COLTA,SICALPA
06,CHIMBORAZO,COLTA,VILLA LA UNIÓN (CAJABAMBA)
06,CHIMBORAZO,COLTA,CAÑI
06,CHIMBORAZO,COLTA,COLUMBE
06,CHIMBORAZO,COLTA,JUAN DE VELASCO (PANGOR)
06,CHIMBORAZO,COLTA,SANTIAGO DE QUITO (CAB. EN SAN ANTONIO DE QUITO)
06,CHIMBORAZO,CHAMBO,CHAMBO
06,CHIMBORAZO,CHUNCHI,CHUNCHI
06,CHIMBORAZO,CHUNCHI,CAPZOL
06,CHIMBORAZO,CHUNCHI,COMPUD
06,CHIMBORAZO,CHUNCHI,GONZOL
06,CHIMBORAZO,CHUNCHI,LLAGOS
06,CHIMBORAZO,GUAMOTE,GUAMOTE
06,CHIMBORAZO,GUAMOTE,CEBADAS
06,CHIMBORAZO,GUAMOTE,PALMIRA
06,CHIMBORAZO,GUANO,EL ROSARIO
06,CHIMBORAZO,GUANO,LA MATRIZ
06,CHIMBORAZO,GUANO,GUANO
06,CHIMBORAZO,GUANO,GUANANDO
06,CHIMBORAZO,GUANO,ILAPO
06,CHIMBORAZO,GUANO,LA PROVIDENCIA
06,CHIMBORAZO,GUANO,SAN ANDRÉS
06,CHIMBORAZO,GUANO,SAN GERARDO DE PACAICAGUÁN
06,CHIMBORAZO,GUANO,SAN ISIDRO DE PATULÚ
06,CHIMBORAZO,GUANO,SAN JOSÉ DEL CHAZO
06,CHIMBORAZO,GUANO,SANTA FÉ DE GALÁN
06,CHIMBORAZO,GUANO,VALPARAÍSO
06,CHIMBORAZO,PALLATANGA,PALLATANGA
06,CHIMBORAZO,PENIPE,PENIPE
06,CHIMBORAZO,PENIPE,EL ALTAR
06,CHIMBORAZO,PENIPE,MATUS
06,CHIMBORAZO,PENIPE,PUELA
06,CHIMBORAZO,PENIPE,SAN ANTONIO DE BAYUSHIG
06,CHIMBORAZO,PENIPE,LA CANDELARIA
06,CHIMBORAZO,PENIPE,BILBAO (CAB.EN QUILLUYACU)
06,CHIMBORAZO,CUMANDÁ,CUMANDÁ
07,EL ORO,MACHALA,LA PROVIDENCIA
07,EL ORO,MACHALA,MACHALA
07,EL ORO,MACHALA,PUERTO BOLÍVAR
07,EL ORO,MACHALA,NUEVE DE MAYO
07,EL ORO,MACHALA,EL CAMBIO
07,EL ORO,MACHALA,MACHALA
07,EL ORO,MACHALA,EL CAMBIO
07,EL ORO,MACHALA,EL RETIRO
07,EL ORO,ARENILLAS,ARENILLAS
07,EL ORO,ARENILLAS,CHACRAS
07,EL ORO,ARENILLAS,LA LIBERTAD
07,EL ORO,ARENILLAS,LAS LAJAS (CAB. EN LA VICTORIA)
07,EL ORO,ARENILLAS,PALMALES
07,EL ORO,ARENILLAS,CARCABÓN
07,EL ORO,ATAHUALPA,PACCHA
07,EL ORO,ATAHUALPA,AYAPAMBA
07,EL ORO,ATAHUALPA,CORDONCILLO
07,EL ORO,ATAHUALPA,MILAGRO
07,EL ORO,ATAHUALPA,SAN JOSÉ
07,EL ORO,ATAHUALPA,SAN JUAN DE CERRO AZUL
07,EL ORO,BALSAS,BALSAS
07,EL ORO,BALSAS,BELLAMARÍA
07,EL ORO,CHILLA,CHILLA
07,EL ORO,EL GUABO,EL GUABO
07,EL ORO,EL GUABO,BARBONES (SUCRE)
07,EL ORO,EL GUABO,LA IBERIA
07,EL ORO,EL GUABO,TENDALES (CAB.EN PUERTO TENDALES)
07,EL ORO,EL GUABO,RÍO BONITO
07,EL ORO,HUAQUILLAS,ECUADOR
07,EL ORO,HUAQUILLAS,EL PARAÍSO
07,EL ORO,HUAQUILLAS,HUALTACO
07,EL ORO,HUAQUILLAS,MILTON REYES
07,EL ORO,HUAQUILLAS,UNIÓN LOJANA
07,EL ORO,HUAQUILLAS,HUAQUILLAS
07,EL ORO,MARCABELÍ,MARCABELÍ
07,EL ORO,MARCABELÍ,EL INGENIO
07,EL ORO,PASAJE,BOLÍVAR
07,EL ORO,PASAJE,LOMA DE FRANCO
07,EL ORO,PASAJE,OCHOA LEÓN (MATRIZ)
07,EL ORO,PASAJE,TRES CERRITOS
07,EL ORO,PASAJE,PASAJE
07,EL ORO,PASAJE,BUENAVISTA
07,EL ORO,PASAJE,CASACAY
07,EL ORO,PASAJE,LA PEAÑA
07,EL ORO,PASAJE,PROGRESO
07,EL ORO,PASAJE,UZHCURRUMI
07,EL ORO,PASAJE,CAÑAQUEMADA
07,EL ORO,PIÑAS,LA MATRIZ
07,EL ORO,PIÑAS,LA SUSAYA
07,EL ORO,PIÑAS,PIÑAS GRANDE
07,EL ORO,PIÑAS,PIÑAS
07,EL ORO,PIÑAS,CAPIRO (CAB. EN LA CAPILLA DE CAPIRO)
07,EL ORO,PIÑAS,LA BOCANA
07,EL ORO,PIÑAS,MOROMORO (CAB. EN EL VADO)
07,EL ORO,PIÑAS,PIEDRAS
07,EL ORO,PIÑAS,SAN ROQUE (AMBROSIO MALDONADO)
07,EL ORO,PIÑAS,SARACAY
07,EL ORO,PORTOVELO,PORTOVELO
07,EL ORO,PORTOVELO,CURTINCAPA
07,EL ORO,PORTOVELO,MORALES
07,EL ORO,PORTOVELO,SALATÍ
07,EL ORO,SANTA ROSA,SANTA ROSA
07,EL ORO,SANTA ROSA,PUERTO JELÍ
07,EL ORO,SANTA ROSA,BALNEARIO JAMBELÍ (SATÉLITE)
07,EL ORO,SANTA ROSA,JUMÓN (SATÉLITE)
07,EL ORO,SANTA ROSA,NUEVO SANTA ROSA
07,EL ORO,SANTA ROSA,SANTA ROSA
07,EL ORO,SANTA ROSA,BELLAVISTA
07,EL ORO,SANTA ROSA,JAMBELÍ
07,EL ORO,SANTA ROSA,LA AVANZADA
07,EL ORO,SANTA ROSA,SAN ANTONIO
07,EL ORO,SANTA ROSA,TORATA
07,EL ORO,SANTA ROSA,VICTORIA
07,EL ORO,SANTA ROSA,BELLAMARÍA
07,EL ORO,ZARUMA,ZARUMA
07,EL ORO,ZARUMA,ABAÑÍN
07,EL ORO,ZARUMA,ARCAPAMBA
07,EL ORO,ZARUMA,GUANAZÁN
07,EL ORO,ZARUMA,GUIZHAGUIÑA
07,EL ORO,ZARUMA,HUERTAS
07,EL ORO,ZARUMA,MALVAS
07,EL ORO,ZARUMA,MULUNCAY GRANDE
07,EL ORO,ZARUMA,SINSAO
07,EL ORO,ZARUMA,SALVIAS
07,EL ORO,LAS LAJAS,LA VICTORIA
07,EL ORO,LAS LAJAS,PLATANILLOS
07,EL ORO,LAS LAJAS,VALLE HERMOSO
07,EL ORO,LAS LAJAS,LA VICTORIA
07,EL ORO,LAS LAJAS,LA LIBERTAD
07,EL ORO,LAS LAJAS,EL PARAÍSO
07,EL ORO,LAS LAJAS,SAN ISIDRO
08,ESMERALDAS,ESMERALDAS,BARTOLOMÉ RUIZ (CÉSAR FRANCO CARRIÓN)
08,ESMERALDAS,ESMERALDAS,5 DE AGOSTO
08,ESMERALDAS,ESMERALDAS,ESMERALDAS
08,ESMERALDAS,ESMERALDAS,LUIS TELLO (LAS PALMAS)
08,ESMERALDAS,ESMERALDAS,SIMÓN PLATA TORRES
08,ESMERALDAS,ESMERALDAS,ESMERALDAS
08,ESMERALDAS,ESMERALDAS,ATACAMES
08,ESMERALDAS,ESMERALDAS,CAMARONES (CAB. EN SAN VICENTE)
08,ESMERALDAS,ESMERALDAS,CRNEL. CARLOS CONCHA TORRES (CAB.EN HUELE)
08,ESMERALDAS,ESMERALDAS,CHINCA
08,ESMERALDAS,ESMERALDAS,CHONTADURO
08,ESMERALDAS,ESMERALDAS,CHUMUNDÉ
08,ESMERALDAS,ESMERALDAS,LAGARTO
08,ESMERALDAS,ESMERALDAS,LA UNIÓN
08,ESMERALDAS,ESMERALDAS,MAJUA
08,ESMERALDAS,ESMERALDAS,MONTALVO (CAB. EN HORQUETA)
08,ESMERALDAS,ESMERALDAS,RÍO VERDE
08,ESMERALDAS,ESMERALDAS,ROCAFUERTE
08,ESMERALDAS,ESMERALDAS,SAN MATEO
08,ESMERALDAS,ESMERALDAS,SÚA (CAB. EN LA BOCANA)
08,ESMERALDAS,ESMERALDAS,TABIAZO
08,ESMERALDAS,ESMERALDAS,TACHINA
08,ESMERALDAS,ESMERALDAS,TONCHIGÜE
08,ESMERALDAS,ESMERALDAS,VUELTA LARGA
08,ESMERALDAS,ELOY ALFARO,VALDEZ (LIMONES)
08,ESMERALDAS,ELOY ALFARO,ANCHAYACU
08,ESMERALDAS,ELOY ALFARO,ATAHUALPA (CAB. EN CAMARONES)
08,ESMERALDAS,ELOY ALFARO,BORBÓN
08,ESMERALDAS,ELOY ALFARO,LA TOLA
08,ESMERALDAS,ELOY ALFARO,LUIS VARGAS TORRES (CAB. EN PLAYA DE ORO)
08,ESMERALDAS,ELOY ALFARO,MALDONADO
08,ESMERALDAS,ELOY ALFARO,PAMPANAL DE BOLÍVAR
08,ESMERALDAS,ELOY ALFARO,SAN FRANCISCO DE ONZOLE
08,ESMERALDAS,ELOY ALFARO,SANTO DOMINGO DE ONZOLE
08,ESMERALDAS,ELOY ALFARO,SELVA ALEGRE
08,ESMERALDAS,ELOY ALFARO,TELEMBÍ
08,ESMERALDAS,ELOY ALFARO,COLÓN ELOY DEL MARÍA
08,ESMERALDAS,ELOY ALFARO,SAN JOSÉ DE CAYAPAS
08,ESMERALDAS,ELOY ALFARO,TIMBIRÉ
08,ESMERALDAS,MUISNE,MUISNE
08,ESMERALDAS,MUISNE,BOLÍVAR
08,ESMERALDAS,MUISNE,DAULE
08,ESMERALDAS,MUISNE,GALERA
08,ESMERALDAS,MUISNE,QUINGUE (OLMEDO PERDOMO FRANCO)
08,ESMERALDAS,MUISNE,SALIMA
08,ESMERALDAS,MUISNE,SAN FRANCISCO
08,ESMERALDAS,MUISNE,SAN GREGORIO
08,ESMERALDAS,MUISNE,SAN JOSÉ DE CHAMANGA (CAB.EN CHAMANGA)
08,ESMERALDAS,QUININDÉ,ROSA ZÁRATE (QUININDÉ)
08,ESMERALDAS,QUININDÉ,CUBE
08,ESMERALDAS,QUININDÉ,CHURA (CHANCAMA) (CAB. EN EL YERBERO)
08,ESMERALDAS,QUININDÉ,MALIMPIA
08,ESMERALDAS,QUININDÉ,VICHE
08,ESMERALDAS,QUININDÉ,LA UNIÓN
08,ESMERALDAS,SAN LORENZO,SAN LORENZO
08,ESMERALDAS,SAN LORENZO,ALTO TAMBO (CAB. EN GUADUAL)
08,ESMERALDAS,SAN LORENZO,ANCÓN (PICHANGAL) (CAB. EN PALMA REAL)
08,ESMERALDAS,SAN LORENZO,CALDERÓN
08,ESMERALDAS,SAN LORENZO,CARONDELET
08,ESMERALDAS,SAN LORENZO,5 DE JUNIO (CAB. EN UIMBI)
08,ESMERALDAS,SAN LORENZO,CONCEPCIÓN
08,ESMERALDAS,SAN LORENZO,MATAJE (CAB. EN SANTANDER)
08,ESMERALDAS,SAN LORENZO,SAN JAVIER DE CACHAVÍ (CAB. EN SAN JAVIER)
08,ESMERALDAS,SAN LORENZO,SANTA RITA
08,ESMERALDAS,SAN LORENZO,TAMBILLO
08,ESMERALDAS,SAN LORENZO,TULULBÍ (CAB. EN RICAURTE)
08,ESMERALDAS,SAN LORENZO,URBINA
08,ESMERALDAS,ATACAMES,ATACAMES
08,ESMERALDAS,ATACAMES,LA UNIÓN
08,ESMERALDAS,ATACAMES,SÚA (CAB. EN LA BOCANA)
08,ESMERALDAS,ATACAMES,TONCHIGÜE
08,ESMERALDAS,ATACAMES,TONSUPA
08,ESMERALDAS,RIOVERDE,RIOVERDE
08,ESMERALDAS,RIOVERDE,CHONTADURO
08,ESMERALDAS,RIOVERDE,CHUMUNDÉ
08,ESMERALDAS,RIOVERDE,LAGARTO
08,ESMERALDAS,RIOVERDE,MONTALVO (CAB. EN HORQUETA)
08,ESMERALDAS,RIOVERDE,ROCAFUERTE
08,ESMERALDAS,LA CONCORDIA,LA CONCORDIA
08,ESMERALDAS,LA CONCORDIA,MONTERREY
08,ESMERALDAS,LA CONCORDIA,LA VILLEGAS
08,ESMERALDAS,LA CONCORDIA,PLAN PILOTO
09,GUAYAS,GUAYAQUIL,AYACUCHO
09,GUAYAS,GUAYAQUIL,BOLÍVAR (SAGRARIO)
09,GUAYAS,GUAYAQUIL,CARBO (CONCEPCIÓN)
09,GUAYAS,GUAYAQUIL,FEBRES CORDERO
09,GUAYAS,GUAYAQUIL,GARCÍA MORENO
09,GUAYAS,GUAYAQUIL,LETAMENDI
09,GUAYAS,GUAYAQUIL,NUEVE DE OCTUBRE
09,GUAYAS,GUAYAQUIL,OLMEDO (SAN ALEJO)
09,GUAYAS,GUAYAQUIL,ROCA
09,GUAYAS,GUAYAQUIL,ROCAFUERTE
09,GUAYAS,GUAYAQUIL,SUCRE
09,GUAYAS,GUAYAQUIL,TARQUI
09,GUAYAS,GUAYAQUIL,URDANETA
09,GUAYAS,GUAYAQUIL,XIMENA
09,GUAYAS,GUAYAQUIL,PASCUALES
09,GUAYAS,GUAYAQUIL,GUAYAQUIL
09,GUAYAS,GUAYAQUIL,CHONGÓN
09,GUAYAS,GUAYAQUIL,JUAN GÓMEZ RENDÓN (PROGRESO)
09,GUAYAS,GUAYAQUIL,MORRO
09,GUAYAS,GUAYAQUIL,PASCUALES
09,GUAYAS,GUAYAQUIL,PLAYAS (GRAL. VILLAMIL)
09,GUAYAS,GUAYAQUIL,POSORJA
09,GUAYAS,GUAYAQUIL,PUNÁ
09,GUAYAS,GUAYAQUIL,TENGUEL
09,GUAYAS                   R,EDO BAQUERIZO MORENO (JU,ALFREDO BAQUERIZO MORENO (JUJÁN)
09,GUAYAS,BALAO,BALAO
09,GUAYAS,BALZAR,BALZAR
09,GUAYAS,COLIMES,COLIMES
09,GUAYAS,COLIMES,SAN JACINTO
09,GUAYAS,DAULE,DAULE
09,GUAYAS,DAULE,LA AURORA (SATÉLITE)
09,GUAYAS,DAULE,BANIFE
09,GUAYAS,DAULE,EMILIANO CAICEDO MARCOS
09,GUAYAS,DAULE,MAGRO
09,GUAYAS,DAULE,PADRE JUAN BAUTISTA AGUIRRE
09,GUAYAS,DAULE,SANTA CLARA
09,GUAYAS,DAULE,VICENTE PIEDRAHITA
09,GUAYAS,DAULE,DAULE
09,GUAYAS,DAULE,ISIDRO AYORA (SOLEDAD)
09,GUAYAS,DAULE,JUAN BAUTISTA AGUIRRE (LOS TINTOS)
09,GUAYAS,DAULE,LAUREL
09,GUAYAS,DAULE,LIMONAL
09,GUAYAS,DAULE,LOMAS DE SARGENTILLO
09,GUAYAS,DAULE,LOS LOJAS (ENRIQUE BAQUERIZO MORENO)
09,GUAYAS,DAULE,PIEDRAHITA (NOBOL)
09,GUAYAS,DURÁN,ELOY ALFARO (DURÁN)
09,GUAYAS,DURÁN,EL RECREO
09,GUAYAS,DURÁN,ELOY ALFARO (DURÁN)
09,GUAYAS,EL EMPALME,VELASCO IBARRA (EL EMPALME)
09,GUAYAS,EL EMPALME,GUAYAS (PUEBLO NUEVO)
09,GUAYAS,EL EMPALME,EL ROSARIO
09,GUAYAS,EL TRIUNFO,EL TRIUNFO
09,GUAYAS,MILAGRO,MILAGRO
09,GUAYAS,MILAGRO,CHOBO
09,GUAYAS,MILAGRO,GENERAL ELIZALDE (BUCAY)
09,GUAYAS,MILAGRO,MARISCAL SUCRE (HUAQUES)
09,GUAYAS,MILAGRO,ROBERTO ASTUDILLO (CAB. EN CRUCE DE VENECIA)
09,GUAYAS,NARANJAL,NARANJAL
09,GUAYAS,NARANJAL,JESÚS MARÍA
09,GUAYAS,NARANJAL,SAN CARLOS
09,GUAYAS,NARANJAL,SANTA ROSA DE FLANDES
09,GUAYAS,NARANJAL,TAURA
09,GUAYAS,NARANJITO,NARANJITO
09,GUAYAS,PALESTINA,PALESTINA
09,GUAYAS,PEDRO CARBO,PEDRO CARBO
09,GUAYAS,PEDRO CARBO,VALLE DE LA VIRGEN
09,GUAYAS,PEDRO CARBO,SABANILLA
09,GUAYAS,SAMBORONDÓN,SAMBORONDÓN
09,GUAYAS,SAMBORONDÓN,LA PUNTILLA (SATÉLITE)
09,GUAYAS,SAMBORONDÓN,SAMBORONDÓN
09,GUAYAS,SAMBORONDÓN,TARIFA
09,GUAYAS,SANTA LUCÍA,SANTA LUCÍA
09,GUAYAS,SALITRE (URBINA JADO),BOCANA
09,GUAYAS,SALITRE (URBINA JADO),CANDILEJOS
09,GUAYAS,SALITRE (URBINA JADO),CENTRAL
09,GUAYAS,SALITRE (URBINA JADO),PARAÍSO
09,GUAYAS,SALITRE (URBINA JADO),SAN MATEO
09,GUAYAS,SALITRE (URBINA JADO),EL SALITRE (LAS RAMAS)
09,GUAYAS,SALITRE (URBINA JADO),GRAL. VERNAZA (DOS ESTEROS)
09,GUAYAS,SALITRE (URBINA JADO),LA VICTORIA (ÑAUZA)
09,GUAYAS,SALITRE (URBINA JADO),JUNQUILLAL
09,GUAYAS,SAN JACINTO DE YAGUACHI,SAN JACINTO DE YAGUACHI
09,GUAYAS,SAN JACINTO DE YAGUACHI,CRNEL. LORENZO DE GARAICOA (PEDREGAL)
09,GUAYAS,SAN JACINTO DE YAGUACHI,CRNEL. MARCELINO MARIDUEÑA (SAN CARLOS)
09,GUAYAS,SAN JACINTO DE YAGUACHI,GRAL. PEDRO J. MONTERO (BOLICHE)
09,GUAYAS,SAN JACINTO DE YAGUACHI,SIMÓN BOLÍVAR
09,GUAYAS,SAN JACINTO DE YAGUACHI,YAGUACHI VIEJO (CONE)
09,GUAYAS,SAN JACINTO DE YAGUACHI,VIRGEN DE FÁTIMA
09,GUAYAS,PLAYAS,GENERAL VILLAMIL (PLAYAS)
09,GUAYAS,SIMÓN BOLÍVAR,SIMÓN BOLÍVAR
09,GUAYAS,SIMÓN BOLÍVAR,CRNEL.LORENZO DE GARAICOA (PEDREGAL)
09,GUAYAS,ORONEL MARCELINO MARIDUE,CORONEL MARCELINO MARIDUEÑA (SAN CARLOS)
09,GUAYAS,LOMAS DE SARGENTILLO,LOMAS DE SARGENTILLO
09,GUAYAS,LOMAS DE SARGENTILLO,ISIDRO AYORA (SOLEDAD)
09,GUAYAS,NOBOL,NARCISA DE JESÚS
09,GUAYAS,GENERAL ANTONIO ELIZALDE,GENERAL ANTONIO ELIZALDE (BUCAY)
09,GUAYAS,ISIDRO AYORA,ISIDRO AYORA
10,IMBABURA,IBARRA,CARANQUI
10,IMBABURA,IBARRA,GUAYAQUIL DE ALPACHACA
10,IMBABURA,IBARRA,SAGRARIO
10,IMBABURA,IBARRA,SAN FRANCISCO
10,IMBABURA,IBARRA,LA DOLOROSA DEL PRIORATO
10,IMBABURA,IBARRA,SAN MIGUEL DE IBARRA
10,IMBABURA,IBARRA,AMBUQUÍ
10,IMBABURA,IBARRA,ANGOCHAGUA
10,IMBABURA,IBARRA,CAROLINA
10,IMBABURA,IBARRA,LA ESPERANZA
10,IMBABURA,IBARRA,LITA
10,IMBABURA,IBARRA,SALINAS
10,IMBABURA,IBARRA,SAN ANTONIO
10,IMBABURA,ANTONIO ANTE,ANDRADE MARÍN (LOURDES)
10,IMBABURA,ANTONIO ANTE,ATUNTAQUI
10,IMBABURA,ANTONIO ANTE,ATUNTAQUI
10,IMBABURA,ANTONIO ANTE,IMBAYA (SAN LUIS DE COBUENDO)
10,IMBABURA,ANTONIO ANTE,SAN FRANCISCO DE NATABUELA
10,IMBABURA,ANTONIO ANTE,SAN JOSÉ DE CHALTURA
10,IMBABURA,ANTONIO ANTE,SAN ROQUE
10,IMBABURA,COTACACHI,SAGRARIO
10,IMBABURA,COTACACHI,SAN FRANCISCO
10,IMBABURA,COTACACHI,COTACACHI
10,IMBABURA,COTACACHI,APUELA
10,IMBABURA,COTACACHI,GARCÍA MORENO (LLURIMAGUA)
10,IMBABURA,COTACACHI,IMANTAG
10,IMBABURA,COTACACHI,PEÑAHERRERA
10,IMBABURA,COTACACHI,PLAZA GUTIÉRREZ (CALVARIO)
10,IMBABURA,COTACACHI,QUIROGA
10,IMBABURA,COTACACHI,6 DE JULIO DE CUELLAJE (CAB. EN CUELLAJE)
10,IMBABURA,COTACACHI,VACAS GALINDO (EL CHURO) (CAB.EN SAN MIGUEL ALTO
10,IMBABURA,OTAVALO,JORDÁN
10,IMBABURA,OTAVALO,SAN LUIS
10,IMBABURA,OTAVALO,OTAVALO
10,IMBABURA,OTAVALO,DR. MIGUEL EGAS CABEZAS (PEGUCHE)
10,IMBABURA,OTAVALO,EUGENIO ESPEJO (CALPAQUÍ)
10,IMBABURA,OTAVALO,GONZÁLEZ SUÁREZ
10,IMBABURA,OTAVALO,PATAQUÍ
10,IMBABURA,OTAVALO,SAN JOSÉ DE QUICHINCHE
10,IMBABURA,OTAVALO,SAN JUAN DE ILUMÁN
10,IMBABURA,OTAVALO,SAN PABLO
10,IMBABURA,OTAVALO,SAN RAFAEL
10,IMBABURA,OTAVALO,SELVA ALEGRE (CAB.EN SAN MIGUEL DE PAMPLONA)
10,IMBABURA,PIMAMPIRO,PIMAMPIRO
10,IMBABURA,PIMAMPIRO,CHUGÁ
10,IMBABURA,PIMAMPIRO,MARIANO ACOSTA
10,IMBABURA,PIMAMPIRO,SAN FRANCISCO DE SIGSIPAMBA
10,IMBABURA,SAN MIGUEL DE URCUQUÍ,URCUQUÍ CABECERA CANTONAL
10,IMBABURA,SAN MIGUEL DE URCUQUÍ,CAHUASQUÍ
10,IMBABURA,SAN MIGUEL DE URCUQUÍ,LA MERCED DE BUENOS AIRES
10,IMBABURA,SAN MIGUEL DE URCUQUÍ,PABLO ARENAS
10,IMBABURA,SAN MIGUEL DE URCUQUÍ,SAN BLAS
10,IMBABURA,SAN MIGUEL DE URCUQUÍ,TUMBABIRO
11,LOJA,LOJA,EL SAGRARIO
11,LOJA,LOJA,SAN SEBASTIÁN
11,LOJA,LOJA,SUCRE
11,LOJA,LOJA,VALLE
11,LOJA,LOJA,LOJA
11,LOJA,LOJA,CHANTACO
11,LOJA,LOJA,CHUQUIRIBAMBA
11,LOJA,LOJA,EL CISNE
11,LOJA,LOJA,GUALEL
11,LOJA,LOJA,JIMBILLA
11,LOJA,LOJA,MALACATOS (VALLADOLID)
11,LOJA,LOJA,SAN LUCAS
11,LOJA,LOJA,SAN PEDRO DE VILCABAMBA
11,LOJA,LOJA,SANTIAGO
11,LOJA,LOJA,TAQUIL (MIGUEL RIOFRÍO)
11,LOJA,LOJA,VILCABAMBA (VICTORIA)
11,LOJA,LOJA,YANGANA (ARSENIO CASTILLO)
11,LOJA,LOJA,QUINARA
11,LOJA,CALVAS,CARIAMANGA
11,LOJA,CALVAS,CHILE
11,LOJA,CALVAS,SAN VICENTE
11,LOJA,CALVAS,CARIAMANGA
11,LOJA,CALVAS,COLAISACA
11,LOJA,CALVAS,EL LUCERO
11,LOJA,CALVAS,UTUANA
11,LOJA,CALVAS,SANGUILLÍN
11,LOJA,CATAMAYO,CATAMAYO
11,LOJA,CATAMAYO,SAN JOSÉ
11,LOJA,CATAMAYO,CATAMAYO (LA TOMA)
11,LOJA,CATAMAYO,EL TAMBO
11,LOJA,CATAMAYO,GUAYQUICHUMA
11,LOJA,CATAMAYO,SAN PEDRO DE LA BENDITA
11,LOJA,CATAMAYO,ZAMBI
11,LOJA,CELICA,CELICA
11,LOJA,CELICA,CRUZPAMBA (CAB. EN CARLOS BUSTAMANTE)
11,LOJA,CELICA,CHAQUINAL
11,LOJA,CELICA,12 DE DICIEMBRE (CAB. EN ACHIOTES)
11,LOJA,CELICA,PINDAL (FEDERICO PÁEZ)
11,LOJA,CELICA,POZUL (SAN JUAN DE POZUL)
11,LOJA,CELICA,SABANILLA
11,LOJA,CELICA,TNTE. MAXIMILIANO RODRÍGUEZ LOAIZA
11,LOJA,CHAGUARPAMBA,CHAGUARPAMBA
11,LOJA,CHAGUARPAMBA,BUENAVISTA
11,LOJA,CHAGUARPAMBA,EL ROSARIO
11,LOJA,CHAGUARPAMBA,SANTA RUFINA
11,LOJA,CHAGUARPAMBA,AMARILLOS
11,LOJA,ESPÍNDOLA,AMALUZA
11,LOJA,ESPÍNDOLA,BELLAVISTA
11,LOJA,ESPÍNDOLA,JIMBURA
11,LOJA,ESPÍNDOLA,SANTA TERESITA
11,LOJA,ESPÍNDOLA,27 DE ABRIL (CAB. EN LA NARANJA)
11,LOJA,ESPÍNDOLA,EL INGENIO
11,LOJA,ESPÍNDOLA,EL AIRO
11,LOJA,GONZANAMÁ,GONZANAMÁ
11,LOJA,GONZANAMÁ,CHANGAIMINA (LA LIBERTAD)
11,LOJA,GONZANAMÁ,FUNDOCHAMBA
11,LOJA,GONZANAMÁ,NAMBACOLA
11,LOJA,GONZANAMÁ,PURUNUMA (EGUIGUREN)
11,LOJA,GONZANAMÁ,QUILANGA (LA PAZ)
11,LOJA,GONZANAMÁ,SACAPALCA
11,LOJA,GONZANAMÁ,SAN ANTONIO DE LAS ARADAS (CAB. EN LAS ARADAS)
11,LOJA,MACARÁ,GENERAL ELOY ALFARO (SAN SEBASTIÁN)
11,LOJA,MACARÁ,MACARÁ (MANUEL ENRIQUE RENGEL SUQUILANDA)
11,LOJA,MACARÁ,MACARÁ
11,LOJA,MACARÁ,LARAMA
11,LOJA,MACARÁ,LA VICTORIA
11,LOJA,MACARÁ,SABIANGO (LA CAPILLA)
11,LOJA,PALTAS,CATACOCHA
11,LOJA,PALTAS,LOURDES
11,LOJA,PALTAS,CATACOCHA
11,LOJA,PALTAS,CANGONAMÁ
11,LOJA,PALTAS,GUACHANAMÁ
11,LOJA,PALTAS,LA TINGUE
11,LOJA,PALTAS,LAURO GUERRERO
11,LOJA,PALTAS,OLMEDO (SANTA BÁRBARA)
11,LOJA,PALTAS,ORIANGA
11,LOJA,PALTAS,SAN ANTONIO
11,LOJA,PALTAS,CASANGA
11,LOJA,PALTAS,YAMANA
11,LOJA,PUYANGO,ALAMOR
11,LOJA,PUYANGO,CIANO
11,LOJA,PUYANGO,EL ARENAL
11,LOJA,PUYANGO,EL LIMO (MARIANA DE JESÚS)
11,LOJA,PUYANGO,MERCADILLO
11,LOJA,PUYANGO,VICENTINO
11,LOJA,SARAGURO,SARAGURO
11,LOJA,SARAGURO,EL PARAÍSO DE CELÉN
11,LOJA,SARAGURO,EL TABLÓN
11,LOJA,SARAGURO,LLUZHAPA
11,LOJA,SARAGURO,MANÚ
11,LOJA,SARAGURO,SAN ANTONIO DE QUMBE (CUMBE)
11,LOJA,SARAGURO,SAN PABLO DE TENTA
11,LOJA,SARAGURO,SAN SEBASTIÁN DE YÚLUC
11,LOJA,SARAGURO,SELVA ALEGRE
11,LOJA,SARAGURO,URDANETA (PAQUISHAPA)
11,LOJA,SARAGURO,SUMAYPAMBA
11,LOJA,SOZORANGA,SOZORANGA
11,LOJA,SOZORANGA,NUEVA FÁTIMA
11,LOJA,SOZORANGA,TACAMOROS
11,LOJA,ZAPOTILLO,ZAPOTILLO
11,LOJA,ZAPOTILLO,MANGAHURCO (CAZADEROS)
11,LOJA,ZAPOTILLO,GARZAREAL
11,LOJA,ZAPOTILLO,LIMONES
11,LOJA,ZAPOTILLO,PALETILLAS
11,LOJA,ZAPOTILLO,BOLASPAMBA
11,LOJA,PINDAL,PINDAL
11,LOJA,PINDAL,CHAQUINAL
11,LOJA,PINDAL,12 DE DICIEMBRE (CAB.EN ACHIOTES)
11,LOJA,PINDAL,MILAGROS
11,LOJA,QUILANGA,QUILANGA
11,LOJA,QUILANGA,FUNDOCHAMBA
11,LOJA,QUILANGA,SAN ANTONIO DE LAS ARADAS (CAB. EN LAS ARADAS)
11,LOJA,OLMEDO,OLMEDO
11,LOJA,OLMEDO,LA TINGUE
12,LOS RIOS,BABAHOYO,CLEMENTE BAQUERIZO
12,LOS RIOS,BABAHOYO,DR. CAMILO PONCE
12,LOS RIOS,BABAHOYO,BARREIRO
12,LOS RIOS,BABAHOYO,EL SALTO
12,LOS RIOS,BABAHOYO,BABAHOYO
12,LOS RIOS,BABAHOYO,BARREIRO (SANTA RITA)
12,LOS RIOS,BABAHOYO,CARACOL
12,LOS RIOS,BABAHOYO,FEBRES CORDERO (LAS JUNTAS)
12,LOS RIOS,BABAHOYO,PIMOCHA
12,LOS RIOS,BABAHOYO,LA UNIÓN
12,LOS RIOS,BABA,BABA
12,LOS RIOS,BABA,GUARE
12,LOS RIOS,BABA,ISLA DE BEJUCAL
12,LOS RIOS,MONTALVO,MONTALVO
12,LOS RIOS,PUEBLOVIEJO,PUEBLOVIEJO
12,LOS RIOS,PUEBLOVIEJO,PUERTO PECHICHE
12,LOS RIOS,PUEBLOVIEJO,SAN JUAN
12,LOS RIOS,QUEVEDO,QUEVEDO
12,LOS RIOS,QUEVEDO,SAN CAMILO
12,LOS RIOS,QUEVEDO,SAN JOSÉ
12,LOS RIOS,QUEVEDO,GUAYACÁN
12,LOS RIOS,QUEVEDO,NICOLÁS INFANTE DÍAZ
12,LOS RIOS,QUEVEDO,SAN CRISTÓBAL
12,LOS RIOS,QUEVEDO,SIETE DE OCTUBRE
12,LOS RIOS,QUEVEDO,24 DE MAYO
12,LOS RIOS,QUEVEDO,VENUS DEL RÍO QUEVEDO
12,LOS RIOS,QUEVEDO,VIVA ALFARO
12,LOS RIOS,QUEVEDO,QUEVEDO
12,LOS RIOS,QUEVEDO,BUENA FÉ
12,LOS RIOS,QUEVEDO,MOCACHE
12,LOS RIOS,QUEVEDO,SAN CARLOS
12,LOS RIOS,QUEVEDO,VALENCIA
12,LOS RIOS,QUEVEDO,LA ESPERANZA
12,LOS RIOS,URDANETA,CATARAMA
12,LOS RIOS,URDANETA,RICAURTE
12,LOS RIOS,VENTANAS,10 DE NOVIEMBRE
12,LOS RIOS,VENTANAS,VENTANAS
12,LOS RIOS,VENTANAS,QUINSALOMA
12,LOS RIOS,VENTANAS,ZAPOTAL
12,LOS RIOS,VENTANAS,CHACARITA
12,LOS RIOS,VENTANAS,LOS ÁNGELES
12,LOS RIOS,VÍNCES,VINCES
12,LOS RIOS,VÍNCES,ANTONIO SOTOMAYOR (CAB. EN PLAYAS DE VINCES)
12,LOS RIOS,VÍNCES,PALENQUE
12,LOS RIOS,PALENQUE,PALENQUE
12,LOS RIOS,BUENA FÉ,SAN JACINTO DE BUENA FÉ
12,LOS RIOS,BUENA FÉ,7 DE AGOSTO
12,LOS RIOS,BUENA FÉ,11 DE OCTUBRE
12,LOS RIOS,BUENA FÉ,SAN JACINTO DE BUENA FÉ
12,LOS RIOS,BUENA FÉ,PATRICIA PILAR
12,LOS RIOS,VALENCIA,VALENCIA
12,LOS RIOS,MOCACHE,MOCACHE
12,LOS RIOS,QUINSALOMA,QUINSALOMA
13,MANABI,PORTOVIEJO,PORTOVIEJO
13,MANABI,PORTOVIEJO,12 DE MARZO
13,MANABI,PORTOVIEJO,COLÓN
13,MANABI,PORTOVIEJO,PICOAZÁ
13,MANABI,PORTOVIEJO,SAN PABLO
13,MANABI,PORTOVIEJO,ANDRÉS DE VERA
13,MANABI,PORTOVIEJO,FRANCISCO PACHECO
13,MANABI,PORTOVIEJO,18 DE OCTUBRE
13,MANABI,PORTOVIEJO,SIMÓN BOLÍVAR
13,MANABI,PORTOVIEJO,PORTOVIEJO
13,MANABI,PORTOVIEJO,ABDÓN CALDERÓN (SAN FRANCISCO)
13,MANABI,PORTOVIEJO,ALHAJUELA (BAJO GRANDE)
13,MANABI,PORTOVIEJO,CRUCITA
13,MANABI,PORTOVIEJO,PUEBLO NUEVO
13,MANABI,PORTOVIEJO,RIOCHICO (RÍO CHICO)
13,MANABI,PORTOVIEJO,SAN PLÁCIDO
13,MANABI,PORTOVIEJO,CHIRIJOS
13,MANABI,BOLÍVAR,CALCETA
13,MANABI,BOLÍVAR,MEMBRILLO
13,MANABI,BOLÍVAR,QUIROGA
13,MANABI,CHONE,CHONE
13,MANABI,CHONE,SANTA RITA
13,MANABI,CHONE,BOYACÁ
13,MANABI,CHONE,CANUTO
13,MANABI,CHONE,CONVENTO
13,MANABI,CHONE,CHIBUNGA
13,MANABI,CHONE,ELOY ALFARO
13,MANABI,CHONE,RICAURTE
13,MANABI,CHONE,SAN ANTONIO
13,MANABI,EL CARMEN,EL CARMEN
13,MANABI,EL CARMEN,4 DE DICIEMBRE
13,MANABI,EL CARMEN,EL CARMEN
13,MANABI,EL CARMEN,WILFRIDO LOOR MOREIRA (MAICITO)
13,MANABI,EL CARMEN,SAN PEDRO DE SUMA
13,MANABI,FLAVIO ALFARO,FLAVIO ALFARO
13,MANABI,FLAVIO ALFARO,SAN FRANCISCO DE NOVILLO (CAB. EN
13,MANABI,FLAVIO ALFARO,ZAPALLO
13,MANABI,JIPIJAPA,DR. MIGUEL MORÁN LUCIO
13,MANABI,JIPIJAPA,MANUEL INOCENCIO PARRALES Y GUALE
13,MANABI,JIPIJAPA,SAN LORENZO DE JIPIJAPA
13,MANABI,JIPIJAPA,JIPIJAPA
13,MANABI,JIPIJAPA,AMÉRICA
13,MANABI,JIPIJAPA,EL ANEGADO (CAB. EN ELOY ALFARO)
13,MANABI,JIPIJAPA,JULCUY
13,MANABI,JIPIJAPA,LA UNIÓN
13,MANABI,JIPIJAPA,MACHALILLA
13,MANABI,JIPIJAPA,MEMBRILLAL
13,MANABI,JIPIJAPA,PEDRO PABLO GÓMEZ
13,MANABI,JIPIJAPA,PUERTO DE CAYO
13,MANABI,JIPIJAPA,PUERTO LÓPEZ
13,MANABI,JUNÍN,JUNÍN
13,MANABI,MANTA,LOS ESTEROS
13,MANABI,MANTA,MANTA
13,MANABI,MANTA,SAN MATEO
13,MANABI,MANTA,TARQUI
13,MANABI,MANTA,ELOY ALFARO
13,MANABI,MANTA,MANTA
13,MANABI,MANTA,SAN LORENZO
13,MANABI,MANTA,SANTA MARIANITA (BOCA DE PACOCHE)
13,MANABI,MONTECRISTI,ANIBAL SAN ANDRÉS
13,MANABI,MONTECRISTI,MONTECRISTI
13,MANABI,MONTECRISTI,EL COLORADO
13,MANABI,MONTECRISTI,GENERAL ELOY ALFARO
13,MANABI,MONTECRISTI,LEONIDAS PROAÑO
13,MANABI,MONTECRISTI,MONTECRISTI
13,MANABI,MONTECRISTI,JARAMIJÓ
13,MANABI,MONTECRISTI,LA PILA
13,MANABI,PAJÁN,PAJÁN
13,MANABI,PAJÁN,CAMPOZANO (LA PALMA DE PAJÁN)
13,MANABI,PAJÁN,CASCOL
13,MANABI,PAJÁN,GUALE
13,MANABI,PAJÁN,LASCANO
13,MANABI,PICHINCHA,PICHINCHA
13,MANABI,PICHINCHA,BARRAGANETE
13,MANABI,PICHINCHA,SAN SEBASTIÁN
13,MANABI,ROCAFUERTE,ROCAFUERTE
13,MANABI,SANTA ANA,SANTA ANA
13,MANABI,SANTA ANA,LODANA
13,MANABI,SANTA ANA,SANTA ANA DE VUELTA LARGA
13,MANABI,SANTA ANA,AYACUCHO
13,MANABI,SANTA ANA,HONORATO VÁSQUEZ (CAB. EN VÁSQUEZ)
13,MANABI,SANTA ANA,LA UNIÓN
13,MANABI,SANTA ANA,OLMEDO
13,MANABI,SANTA ANA,SAN PABLO (CAB. EN PUEBLO NUEVO)
13,MANABI,SUCRE,BAHÍA DE CARÁQUEZ
13,MANABI,SUCRE,LEONIDAS PLAZA GUTIÉRREZ
13,MANABI,SUCRE,BAHÍA DE CARÁQUEZ
13,MANABI,SUCRE,CANOA
13,MANABI,SUCRE,COJIMÍES
13,MANABI,SUCRE,CHARAPOTÓ
13,MANABI,SUCRE,10 DE AGOSTO
13,MANABI,SUCRE,JAMA
13,MANABI,SUCRE,PEDERNALES
13,MANABI,SUCRE,SAN ISIDRO
13,MANABI,SUCRE,SAN VICENTE
13,MANABI,TOSAGUA,TOSAGUA
13,MANABI,TOSAGUA,BACHILLERO
13,MANABI,TOSAGUA,ANGEL PEDRO GILER (LA ESTANCILLA)
13,MANABI,24 DE MAYO,SUCRE
13,MANABI,24 DE MAYO,BELLAVISTA
13,MANABI,24 DE MAYO,NOBOA
13,MANABI,24 DE MAYO,ARQ. SIXTO DURÁN BALLÉN
13,MANABI,PEDERNALES,PEDERNALES
13,MANABI,PEDERNALES,COJIMÍES
13,MANABI,PEDERNALES,10 DE AGOSTO
13,MANABI,PEDERNALES,ATAHUALPA
13,MANABI,OLMEDO,OLMEDO
13,MANABI,PUERTO LÓPEZ,PUERTO LÓPEZ
13,MANABI,PUERTO LÓPEZ,MACHALILLA
13,MANABI,PUERTO LÓPEZ,SALANGO
13,MANABI,JAMA,JAMA
13,MANABI,JARAMIJÓ,JARAMIJÓ
13,MANABI,SAN VICENTE,SAN VICENTE
13,MANABI,SAN VICENTE,CANOA
14,MORONA SANTIAGO,MORONA,MACAS
14,MORONA SANTIAGO,MORONA,ALSHI (CAB. EN 9 DE OCTUBRE)
14,MORONA SANTIAGO,MORONA,CHIGUAZA
14,MORONA SANTIAGO,MORONA,GENERAL PROAÑO
14,MORONA SANTIAGO,MORONA,HUASAGA (CAB.EN WAMPUIK)
14,MORONA SANTIAGO,MORONA,MACUMA
14,MORONA SANTIAGO,MORONA,SAN ISIDRO
14,MORONA SANTIAGO,MORONA,SEVILLA DON BOSCO
14,MORONA SANTIAGO,MORONA,SINAÍ
14,MORONA SANTIAGO,MORONA,TAISHA
14,MORONA SANTIAGO,MORONA,ZUÑA (ZÚÑAC)
14,MORONA SANTIAGO,MORONA,TUUTINENTZA
14,MORONA SANTIAGO,MORONA,CUCHAENTZA
14,MORONA SANTIAGO,MORONA,SAN JOSÉ DE MORONA
14,MORONA SANTIAGO,MORONA,RÍO BLANCO
14,MORONA SANTIAGO,GUALAQUIZA,GUALAQUIZA
14,MORONA SANTIAGO,GUALAQUIZA,MERCEDES MOLINA
14,MORONA SANTIAGO,GUALAQUIZA,GUALAQUIZA
14,MORONA SANTIAGO,GUALAQUIZA,AMAZONAS (ROSARIO DE CUYES)
14,MORONA SANTIAGO,GUALAQUIZA,BERMEJOS
14,MORONA SANTIAGO,GUALAQUIZA,BOMBOIZA
14,MORONA SANTIAGO,GUALAQUIZA,CHIGÜINDA
14,MORONA SANTIAGO,GUALAQUIZA,EL ROSARIO
14,MORONA SANTIAGO,GUALAQUIZA,NUEVA TARQUI
14,MORONA SANTIAGO,GUALAQUIZA,SAN MIGUEL DE CUYES
14,MORONA SANTIAGO,GUALAQUIZA,EL IDEAL
14,MORONA SANTIAGO,LIMÓN INDANZA,GENERAL LEONIDAS PLAZA GUTIÉRREZ (LIMÓN)
14,MORONA SANTIAGO,LIMÓN INDANZA,INDANZA
14,MORONA SANTIAGO,LIMÓN INDANZA,PAN DE AZÚCAR
14,MORONA SANTIAGO,LIMÓN INDANZA,SAN ANTONIO (CAB. EN SAN ANTONIO CENTRO
14,MORONA SANTIAGO,LIMÓN INDANZA,SAN CARLOS DE LIMÓN (SAN CARLOS DEL
14,MORONA SANTIAGO,LIMÓN INDANZA,SAN JUAN BOSCO
14,MORONA SANTIAGO,LIMÓN INDANZA,SAN MIGUEL DE CONCHAY
14,MORONA SANTIAGO,LIMÓN INDANZA,SANTA SUSANA DE CHIVIAZA (CAB. EN CHIVIAZA)
14,MORONA SANTIAGO,LIMÓN INDANZA,YUNGANZA (CAB. EN EL ROSARIO)
14,MORONA SANTIAGO,PALORA,PALORA (METZERA)
14,MORONA SANTIAGO,PALORA,ARAPICOS
14,MORONA SANTIAGO,PALORA,CUMANDÁ (CAB. EN COLONIA AGRÍCOLA SEVILLA DEL ORO)
14,MORONA SANTIAGO,PALORA,HUAMBOYA
14,MORONA SANTIAGO,PALORA,SANGAY (CAB. EN NAYAMANACA)
14,MORONA SANTIAGO,SANTIAGO,SANTIAGO DE MÉNDEZ
14,MORONA SANTIAGO,SANTIAGO,COPAL
14,MORONA SANTIAGO,SANTIAGO,CHUPIANZA
14,MORONA SANTIAGO,SANTIAGO,PATUCA
14,MORONA SANTIAGO,SANTIAGO,SAN LUIS DE EL ACHO (CAB. EN EL ACHO)
14,MORONA SANTIAGO,SANTIAGO,SANTIAGO
14,MORONA SANTIAGO,SANTIAGO,TAYUZA
14,MORONA SANTIAGO,SANTIAGO,SAN FRANCISCO DE CHINIMBIMI
14,MORONA SANTIAGO,SUCÚA,SUCÚA
14,MORONA SANTIAGO,SUCÚA,ASUNCIÓN
14,MORONA SANTIAGO,SUCÚA,HUAMBI
14,MORONA SANTIAGO,SUCÚA,LOGROÑO
14,MORONA SANTIAGO,SUCÚA,YAUPI
14,MORONA SANTIAGO,SUCÚA,SANTA MARIANITA DE JESÚS
14,MORONA SANTIAGO,HUAMBOYA,HUAMBOYA
14,MORONA SANTIAGO,HUAMBOYA,CHIGUAZA
14,MORONA SANTIAGO,HUAMBOYA,PABLO SEXTO
14,MORONA SANTIAGO,SAN JUAN BOSCO,SAN JUAN BOSCO
14,MORONA SANTIAGO,SAN JUAN BOSCO,PAN DE AZÚCAR
14,MORONA SANTIAGO,SAN JUAN BOSCO,SAN CARLOS DE LIMÓN
14,MORONA SANTIAGO,SAN JUAN BOSCO,SAN JACINTO DE WAKAMBEIS
14,MORONA SANTIAGO,SAN JUAN BOSCO,SANTIAGO DE PANANZA
14,MORONA SANTIAGO,TAISHA,TAISHA
14,MORONA SANTIAGO,TAISHA,HUASAGA (CAB. EN WAMPUIK)
14,MORONA SANTIAGO,TAISHA,MACUMA
14,MORONA SANTIAGO,TAISHA,TUUTINENTZA
14,MORONA SANTIAGO,TAISHA,PUMPUENTSA
14,MORONA SANTIAGO,LOGROÑO,LOGROÑO
14,MORONA SANTIAGO,LOGROÑO,YAUPI
14,MORONA SANTIAGO,LOGROÑO,SHIMPIS
14,MORONA SANTIAGO,PABLO SEXTO,PABLO SEXTO
14,MORONA SANTIAGO,TIWINTZA,SANTIAGO
14,MORONA SANTIAGO,TIWINTZA,SAN JOSÉ DE MORONA
15,NAPO,TENA,TENA
15,NAPO,TENA,AHUANO
15,NAPO,TENA,CARLOS JULIO AROSEMENA TOLA (ZATZA-YACU)
15,NAPO,TENA,CHONTAPUNTA
15,NAPO,TENA,PANO
15,NAPO,TENA,PUERTO MISAHUALLI
15,NAPO,TENA,PUERTO NAPO
15,NAPO,TENA,TÁLAG
15,NAPO,TENA,SAN JUAN DE MUYUNA
15,NAPO,ARCHIDONA,ARCHIDONA
15,NAPO,ARCHIDONA,AVILA
15,NAPO,ARCHIDONA,COTUNDO
15,NAPO,ARCHIDONA,LORETO
15,NAPO,ARCHIDONA,SAN PABLO DE USHPAYACU
15,NAPO,ARCHIDONA,PUERTO MURIALDO
15,NAPO,EL CHACO,EL CHACO
15,NAPO,EL CHACO,GONZALO DíAZ DE PINEDA (EL BOMBÓN)
15,NAPO,EL CHACO,LINARES
15,NAPO,EL CHACO,OYACACHI
15,NAPO,EL CHACO,SANTA ROSA
15,NAPO,EL CHACO,SARDINAS
15,NAPO,QUIJOS,BAEZA
15,NAPO,QUIJOS,COSANGA
15,NAPO,QUIJOS,CUYUJA
15,NAPO,QUIJOS,PAPALLACTA
15,NAPO,QUIJOS,SAN FRANCISCO DE BORJA (VIRGILIO DÁVILA)
15,NAPO,QUIJOS,SAN JOSÉ DEL PAYAMINO
15,NAPO,QUIJOS,SUMACO
15,NAPO,ARLOS JULIO AROSEMENA TOL,CARLOS JULIO AROSEMENA TOLA
16,PASTAZA,PASTAZA,PUYO
16,PASTAZA,PASTAZA,ARAJUNO
16,PASTAZA,PASTAZA,CANELOS
16,PASTAZA,PASTAZA,CURARAY
16,PASTAZA,PASTAZA,DIEZ DE AGOSTO
16,PASTAZA,PASTAZA,FÁTIMA
16,PASTAZA,PASTAZA,MONTALVO (ANDOAS)
16,PASTAZA,PASTAZA,POMONA
16,PASTAZA,PASTAZA,RÍO CORRIENTES
16,PASTAZA,PASTAZA,RÍO TIGRE
16,PASTAZA,PASTAZA,SANTA CLARA
16,PASTAZA,PASTAZA,SARAYACU
16,PASTAZA,PASTAZA,SIMÓN BOLÍVAR (CAB. EN MUSHULLACTA)
16,PASTAZA,PASTAZA,TARQUI
16,PASTAZA,PASTAZA,TENIENTE HUGO ORTIZ
16,PASTAZA,PASTAZA,VERACRUZ (INDILLAMA) (CAB. EN INDILLAMA)
16,PASTAZA,PASTAZA,EL TRIUNFO
16,PASTAZA,MERA,MERA
16,PASTAZA,MERA,MADRE TIERRA
16,PASTAZA,MERA,SHELL
16,PASTAZA,SANTA CLARA,SANTA CLARA
16,PASTAZA,SANTA CLARA,SAN JOSÉ
16,PASTAZA,ARAJUNO,ARAJUNO
16,PASTAZA,ARAJUNO,CURARAY
17,PICHINCHA,QUITO,BELISARIO QUEVEDO
17,PICHINCHA,QUITO,CARCELÉN
17,PICHINCHA,QUITO,CENTRO HISTÓRICO
17,PICHINCHA,QUITO,COCHAPAMBA
17,PICHINCHA,QUITO,COMITÉ DEL PUEBLO
17,PICHINCHA,QUITO,COTOCOLLAO
17,PICHINCHA,QUITO,CHILIBULO
17,PICHINCHA,QUITO,CHILLOGALLO
17,PICHINCHA,QUITO,CHIMBACALLE
17,PICHINCHA,QUITO,EL CONDADO
17,PICHINCHA,QUITO,GUAMANÍ
17,PICHINCHA,QUITO,IÑAQUITO
17,PICHINCHA,QUITO,ITCHIMBÍA
17,PICHINCHA,QUITO,JIPIJAPA
17,PICHINCHA,QUITO,KENNEDY
17,PICHINCHA,QUITO,LA ARGELIA
17,PICHINCHA,QUITO,LA CONCEPCIÓN
17,PICHINCHA,QUITO,LA ECUATORIANA
17,PICHINCHA,QUITO,LA FERROVIARIA
17,PICHINCHA,QUITO,LA LIBERTAD
17,PICHINCHA,QUITO,LA MAGDALENA
17,PICHINCHA,QUITO,LA MENA
17,PICHINCHA,QUITO,MARISCAL SUCRE
17,PICHINCHA,QUITO,PONCEANO
17,PICHINCHA,QUITO,PUENGASÍ
17,PICHINCHA,QUITO,QUITUMBE
17,PICHINCHA,QUITO,RUMIPAMBA
17,PICHINCHA,QUITO,SAN BARTOLO
17,PICHINCHA,QUITO,SAN ISIDRO DEL INCA
17,PICHINCHA,QUITO,SAN JUAN
17,PICHINCHA,QUITO,SOLANDA
17,PICHINCHA,QUITO,TURUBAMBA
17,PICHINCHA,QUITO,QUITO DISTRITO METROPOLITANO
17,PICHINCHA,QUITO,ALANGASÍ
17,PICHINCHA,QUITO,AMAGUAÑA
17,PICHINCHA,QUITO,ATAHUALPA
17,PICHINCHA,QUITO,CALACALÍ
17,PICHINCHA,QUITO,CALDERÓN
17,PICHINCHA,QUITO,CONOCOTO
17,PICHINCHA,QUITO,CUMBAYÁ
17,PICHINCHA,QUITO,CHAVEZPAMBA
17,PICHINCHA,QUITO,CHECA
17,PICHINCHA,QUITO,EL QUINCHE
17,PICHINCHA,QUITO,GUALEA
17,PICHINCHA,QUITO,GUANGOPOLO
17,PICHINCHA,QUITO,GUAYLLABAMBA
17,PICHINCHA,QUITO,LA MERCED
17,PICHINCHA,QUITO,LLANO CHICO
17,PICHINCHA,QUITO,LLOA
17,PICHINCHA,QUITO,MINDO
17,PICHINCHA,QUITO,NANEGAL
17,PICHINCHA,QUITO,NANEGALITO
17,PICHINCHA,QUITO,NAYÓN
17,PICHINCHA,QUITO,NONO
17,PICHINCHA,QUITO,PACTO
17,PICHINCHA,QUITO,PEDRO VICENTE MALDONADO
17,PICHINCHA,QUITO,PERUCHO
17,PICHINCHA,QUITO,PIFO
17,PICHINCHA,QUITO,PÍNTAG
17,PICHINCHA,QUITO,POMASQUI
17,PICHINCHA,QUITO,PUÉLLARO
17,PICHINCHA,QUITO,PUEMBO
17,PICHINCHA,QUITO,SAN ANTONIO
17,PICHINCHA,QUITO,SAN JOSÉ DE MINAS
17,PICHINCHA,QUITO,SAN MIGUEL DE LOS BANCOS
17,PICHINCHA,QUITO,TABABELA
17,PICHINCHA,QUITO,TUMBACO
17,PICHINCHA,QUITO,YARUQUÍ
17,PICHINCHA,QUITO,ZAMBIZA
17,PICHINCHA,QUITO,PUERTO QUITO
17,PICHINCHA,CAYAMBE,AYORA
17,PICHINCHA,CAYAMBE,CAYAMBE
17,PICHINCHA,CAYAMBE,JUAN MONTALVO
17,PICHINCHA,CAYAMBE,CAYAMBE
17,PICHINCHA,CAYAMBE,ASCÁZUBI
17,PICHINCHA,CAYAMBE,CANGAHUA
17,PICHINCHA,CAYAMBE,OLMEDO (PESILLO)
17,PICHINCHA,CAYAMBE,OTÓN
17,PICHINCHA,CAYAMBE,SANTA ROSA DE CUZUBAMBA
17,PICHINCHA,MEJIA,MACHACHI
17,PICHINCHA,MEJIA,ALÓAG
17,PICHINCHA,MEJIA,ALOASÍ
17,PICHINCHA,MEJIA,CUTUGLAHUA
17,PICHINCHA,MEJIA,EL CHAUPI
17,PICHINCHA,MEJIA,MANUEL CORNEJO ASTORGA (TANDAPI)
17,PICHINCHA,MEJIA,TAMBILLO
17,PICHINCHA,MEJIA,UYUMBICHO
17,PICHINCHA,PEDRO MONCAYO,TABACUNDO
17,PICHINCHA,PEDRO MONCAYO,LA ESPERANZA
17,PICHINCHA,PEDRO MONCAYO,MALCHINGUÍ
17,PICHINCHA,PEDRO MONCAYO,TOCACHI
17,PICHINCHA,PEDRO MONCAYO,TUPIGACHI
17,PICHINCHA,RUMIÑAHUI,SANGOLQUÍ
17,PICHINCHA,RUMIÑAHUI,SAN PEDRO DE TABOADA
17,PICHINCHA,RUMIÑAHUI,SAN RAFAEL
17,PICHINCHA,RUMIÑAHUI,SANGOLQUI
17,PICHINCHA,RUMIÑAHUI,COTOGCHOA
17,PICHINCHA,RUMIÑAHUI,RUMIPAMBA
17,PICHINCHA,SAN MIGUEL DE LOS BANCOS,SAN MIGUEL DE LOS BANCOS
17,PICHINCHA,SAN MIGUEL DE LOS BANCOS,MINDO
17,PICHINCHA,SAN MIGUEL DE LOS BANCOS,PEDRO VICENTE MALDONADO
17,PICHINCHA,SAN MIGUEL DE LOS BANCOS,PUERTO QUITO
17,PICHINCHA,PEDRO VICENTE MALDONADO,PEDRO VICENTE MALDONADO
17,PICHINCHA,PUERTO QUITO,PUERTO QUITO
18,TUNGURAHUA,AMBATO,ATOCHA – FICOA
18,TUNGURAHUA,AMBATO,CELIANO MONGE
18,TUNGURAHUA,AMBATO,HUACHI CHICO
18,TUNGURAHUA,AMBATO,HUACHI LORETO
18,TUNGURAHUA,AMBATO,LA MERCED
18,TUNGURAHUA,AMBATO,LA PENÍNSULA
18,TUNGURAHUA,AMBATO,MATRIZ
18,TUNGURAHUA,AMBATO,PISHILATA
18,TUNGURAHUA,AMBATO,SAN FRANCISCO
18,TUNGURAHUA,AMBATO,AMBATO
18,TUNGURAHUA,AMBATO,AMBATILLO
18,TUNGURAHUA,AMBATO,ATAHUALPA (CHISALATA)
18,TUNGURAHUA,AMBATO,AUGUSTO N. MARTÍNEZ (MUNDUGLEO)
18,TUNGURAHUA,AMBATO,CONSTANTINO FERNÁNDEZ (CAB. EN CULLITAHUA)
18,TUNGURAHUA,AMBATO,HUACHI GRANDE
18,TUNGURAHUA,AMBATO,IZAMBA
18,TUNGURAHUA,AMBATO,JUAN BENIGNO VELA
18,TUNGURAHUA,AMBATO,MONTALVO
18,TUNGURAHUA,AMBATO,PASA
18,TUNGURAHUA,AMBATO,PICAIGUA
18,TUNGURAHUA,AMBATO,PILAGÜÍN (PILAHÜÍN)
18,TUNGURAHUA,AMBATO,QUISAPINCHA (QUIZAPINCHA)
18,TUNGURAHUA,AMBATO,SAN BARTOLOMÉ DE PINLLOG
18,TUNGURAHUA,AMBATO,SAN FERNANDO (PASA SAN FERNANDO)
18,TUNGURAHUA,AMBATO,SANTA ROSA
18,TUNGURAHUA,AMBATO,TOTORAS
18,TUNGURAHUA,AMBATO,CUNCHIBAMBA
18,TUNGURAHUA,AMBATO,UNAMUNCHO
18,TUNGURAHUA,BAÑOS DE AGUA SANTA,BAÑOS DE AGUA SANTA
18,TUNGURAHUA,BAÑOS DE AGUA SANTA,LLIGUA
18,TUNGURAHUA,BAÑOS DE AGUA SANTA,RÍO NEGRO
18,TUNGURAHUA,BAÑOS DE AGUA SANTA,RÍO VERDE
18,TUNGURAHUA,BAÑOS DE AGUA SANTA,ULBA
18,TUNGURAHUA,CEVALLOS,CEVALLOS
18,TUNGURAHUA,MOCHA,MOCHA
18,TUNGURAHUA,MOCHA,PINGUILÍ
18,TUNGURAHUA,PATATE,PATATE
18,TUNGURAHUA,PATATE,EL TRIUNFO
18,TUNGURAHUA,PATATE,LOS ANDES (CAB. EN POATUG)
18,TUNGURAHUA,PATATE,SUCRE (CAB. EN SUCRE-PATATE URCU)
18,TUNGURAHUA,QUERO,QUERO
18,TUNGURAHUA,QUERO,RUMIPAMBA
18,TUNGURAHUA,QUERO,YANAYACU - MOCHAPATA (CAB. EN YANAYACU)
18,TUNGURAHUA,SAN PEDRO DE PELILEO,PELILEO
18,TUNGURAHUA,SAN PEDRO DE PELILEO,PELILEO GRANDE
18,TUNGURAHUA,SAN PEDRO DE PELILEO,PELILEO
18,TUNGURAHUA,SAN PEDRO DE PELILEO,BENÍTEZ (PACHANLICA)
18,TUNGURAHUA,SAN PEDRO DE PELILEO,BOLÍVAR
18,TUNGURAHUA,SAN PEDRO DE PELILEO,COTALÓ
18,TUNGURAHUA,SAN PEDRO DE PELILEO,CHIQUICHA (CAB. EN CHIQUICHA GRANDE)
18,TUNGURAHUA,SAN PEDRO DE PELILEO,EL ROSARIO (RUMICHACA)
18,TUNGURAHUA,SAN PEDRO DE PELILEO,GARCÍA MORENO (CHUMAQUI)
18,TUNGURAHUA,SAN PEDRO DE PELILEO,GUAMBALÓ (HUAMBALÓ)
18,TUNGURAHUA,SAN PEDRO DE PELILEO,SALASACA
18,TUNGURAHUA,SANTIAGO DE PÍLLARO,CIUDAD NUEVA
18,TUNGURAHUA,SANTIAGO DE PÍLLARO,PÍLLARO
18,TUNGURAHUA,SANTIAGO DE PÍLLARO,PÍLLARO
18,TUNGURAHUA,SANTIAGO DE PÍLLARO,BAQUERIZO MORENO
18,TUNGURAHUA,SANTIAGO DE PÍLLARO,EMILIO MARÍA TERÁN (RUMIPAMBA)
18,TUNGURAHUA,SANTIAGO DE PÍLLARO,MARCOS ESPINEL (CHACATA)
18,TUNGURAHUA,SANTIAGO DE PÍLLARO,PRESIDENTE URBINA (CHAGRAPAMBA -PATZUCUL)
18,TUNGURAHUA,SANTIAGO DE PÍLLARO,SAN ANDRÉS
18,TUNGURAHUA,SANTIAGO DE PÍLLARO,SAN JOSÉ DE POALÓ
18,TUNGURAHUA,SANTIAGO DE PÍLLARO,SAN MIGUELITO
18,TUNGURAHUA,TISALEO,TISALEO
18,TUNGURAHUA,TISALEO,QUINCHICOTO
19,ZAMORA CHINCHIPE,ZAMORA,EL LIMÓN
19,ZAMORA CHINCHIPE,ZAMORA,ZAMORA
19,ZAMORA CHINCHIPE,ZAMORA,ZAMORA
19,ZAMORA CHINCHIPE,ZAMORA,CUMBARATZA
19,ZAMORA CHINCHIPE,ZAMORA,GUADALUPE
19,ZAMORA CHINCHIPE,ZAMORA,IMBANA (LA VICTORIA DE IMBANA)
19,ZAMORA CHINCHIPE,ZAMORA,PAQUISHA
19,ZAMORA CHINCHIPE,ZAMORA,SABANILLA
19,ZAMORA CHINCHIPE,ZAMORA,TIMBARA
19,ZAMORA CHINCHIPE,ZAMORA,ZUMBI
19,ZAMORA CHINCHIPE,ZAMORA,SAN CARLOS DE LAS MINAS
19,ZAMORA CHINCHIPE,CHINCHIPE,ZUMBA
19,ZAMORA CHINCHIPE,CHINCHIPE,CHITO
19,ZAMORA CHINCHIPE,CHINCHIPE,EL CHORRO
19,ZAMORA CHINCHIPE,CHINCHIPE,EL PORVENIR DEL CARMEN
19,ZAMORA CHINCHIPE,CHINCHIPE,LA CHONTA
19,ZAMORA CHINCHIPE,CHINCHIPE,PALANDA
19,ZAMORA CHINCHIPE,CHINCHIPE,PUCAPAMBA
19,ZAMORA CHINCHIPE,CHINCHIPE,SAN FRANCISCO DEL VERGEL
19,ZAMORA CHINCHIPE,CHINCHIPE,VALLADOLID
19,ZAMORA CHINCHIPE,CHINCHIPE,SAN ANDRÉS
19,ZAMORA CHINCHIPE,NANGARITZA,GUAYZIMI
19,ZAMORA CHINCHIPE,NANGARITZA,ZURMI
19,ZAMORA CHINCHIPE,NANGARITZA,NUEVO PARAÍSO
19,ZAMORA CHINCHIPE,YACUAMBI,28 DE MAYO (SAN JOSÉ DE YACUAMBI)
19,ZAMORA CHINCHIPE,YACUAMBI,LA PAZ
19,ZAMORA CHINCHIPE,YACUAMBI,TUTUPALI
19,ZAMORA CHINCHIPE,YANTZAZA (YANZATZA),YANTZAZA (YANZATZA)
19,ZAMORA CHINCHIPE,YANTZAZA (YANZATZA),CHICAÑA
19,ZAMORA CHINCHIPE,YANTZAZA (YANZATZA),EL PANGUI
19,ZAMORA CHINCHIPE,YANTZAZA (YANZATZA),LOS ENCUENTROS
19,ZAMORA CHINCHIPE,EL PANGUI,EL PANGUI
19,ZAMORA CHINCHIPE,EL PANGUI,EL GUISME
19,ZAMORA CHINCHIPE,EL PANGUI,PACHICUTZA
19,ZAMORA CHINCHIPE,EL PANGUI,TUNDAYME
19,ZAMORA CHINCHIPE,CENTINELA DEL CÓNDOR,ZUMBI
19,ZAMORA CHINCHIPE,CENTINELA DEL CÓNDOR,PAQUISHA
19,ZAMORA CHINCHIPE,CENTINELA DEL CÓNDOR,TRIUNFO-DORADO
19,ZAMORA CHINCHIPE,CENTINELA DEL CÓNDOR,PANGUINTZA
19,ZAMORA CHINCHIPE,PALANDA,PALANDA
19,ZAMORA CHINCHIPE,PALANDA,EL PORVENIR DEL CARMEN
19,ZAMORA CHINCHIPE,PALANDA,SAN FRANCISCO DEL VERGEL
19,ZAMORA CHINCHIPE,PALANDA,VALLADOLID
19,ZAMORA CHINCHIPE,PALANDA,LA CANELA
19,ZAMORA CHINCHIPE,PAQUISHA,PAQUISHA
19,ZAMORA CHINCHIPE,PAQUISHA,BELLAVISTA
19,ZAMORA CHINCHIPE,PAQUISHA,NUEVO QUITO
20,GALAPAGOS,SAN CRISTÓBAL,PUERTO BAQUERIZO MORENO
20,GALAPAGOS,SAN CRISTÓBAL,EL PROGRESO
20,GALAPAGOS,SAN CRISTÓBAL,A SANTA MARÍA (FLOREANA) (CAB. EN PTO. VELASCO IBAR
20,GALAPAGOS,ISABELA,PUERTO VILLAMIL
20,GALAPAGOS,ISABELA,TOMÁS DE BERLANGA (SANTO TOMÁS)
20,GALAPAGOS,SANTA CRUZ,PUERTO AYORA
20,GALAPAGOS,SANTA CRUZ,BELLAVISTA
20,GALAPAGOS,SANTA CRUZ,SANTA ROSA (INCLUYE LA ISLA BALTRA)
21,SUCUMBIOS,LAGO AGRIO,NUEVA LOJA
21,SUCUMBIOS,LAGO AGRIO,CUYABENO
21,SUCUMBIOS,LAGO AGRIO,DURENO
21,SUCUMBIOS,LAGO AGRIO,GENERAL FARFÁN
21,SUCUMBIOS,LAGO AGRIO,TARAPOA
21,SUCUMBIOS,LAGO AGRIO,EL ENO
21,SUCUMBIOS,LAGO AGRIO,PACAYACU
21,SUCUMBIOS,LAGO AGRIO,JAMBELÍ
21,SUCUMBIOS,LAGO AGRIO,SANTA CECILIA
21,SUCUMBIOS,LAGO AGRIO,AGUAS NEGRAS
21,SUCUMBIOS,GONZALO PIZARRO,EL DORADO DE CASCALES
21,SUCUMBIOS,GONZALO PIZARRO,EL REVENTADOR
21,SUCUMBIOS,GONZALO PIZARRO,GONZALO PIZARRO
21,SUCUMBIOS,GONZALO PIZARRO,LUMBAQUÍ
21,SUCUMBIOS,GONZALO PIZARRO,PUERTO LIBRE
21,SUCUMBIOS,GONZALO PIZARRO,SANTA ROSA DE SUCUMBÍOS
21,SUCUMBIOS,PUTUMAYO,PUERTO EL CARMEN DEL PUTUMAYO
21,SUCUMBIOS,PUTUMAYO,PALMA ROJA
21,SUCUMBIOS,PUTUMAYO,PUERTO BOLÍVAR (PUERTO MONTÚFAR)
21,SUCUMBIOS,PUTUMAYO,PUERTO RODRÍGUEZ
21,SUCUMBIOS,PUTUMAYO,SANTA ELENA
21,SUCUMBIOS,SHUSHUFINDI,SHUSHUFINDI
21,SUCUMBIOS,SHUSHUFINDI,LIMONCOCHA
21,SUCUMBIOS,SHUSHUFINDI,PAÑACOCHA
21,SUCUMBIOS,SHUSHUFINDI,SAN ROQUE (CAB. EN SAN VICENTE)
21,SUCUMBIOS,SHUSHUFINDI,SAN PEDRO DE LOS COFANES
21,SUCUMBIOS,SHUSHUFINDI,SIETE DE JULIO
21,SUCUMBIOS,SUCUMBÍOS,LA BONITA
21,SUCUMBIOS,SUCUMBÍOS,EL PLAYÓN DE SAN FRANCISCO
21,SUCUMBIOS,SUCUMBÍOS,LA SOFÍA
21,SUCUMBIOS,SUCUMBÍOS,ROSA FLORIDA
21,SUCUMBIOS,SUCUMBÍOS,SANTA BÁRBARA
21,SUCUMBIOS,CASCALES,EL DORADO DE CASCALES
21,SUCUMBIOS,CASCALES,SANTA ROSA DE SUCUMBÍOS
21,SUCUMBIOS,CASCALES,SEVILLA
21,SUCUMBIOS,CUYABENO,TARAPOA
21,SUCUMBIOS,CUYABENO,CUYABENO
21,SUCUMBIOS,CUYABENO,AGUAS NEGRAS
22,ORELLANA,ORELLANA,PUERTO FRANCISCO DE ORELLANA (EL COCA)
22,ORELLANA,ORELLANA,DAYUMA
22,ORELLANA,ORELLANA,TARACOA (NUEVA ESPERANZA: YUCA)
22,ORELLANA,ORELLANA,ALEJANDRO LABAKA
22,ORELLANA,ORELLANA,EL DORADO
22,ORELLANA,ORELLANA,EL EDÉN
22,ORELLANA,ORELLANA,GARCÍA MORENO
22,ORELLANA,ORELLANA,INÉS ARANGO (CAB. EN WESTERN)
22,ORELLANA,ORELLANA,LA BELLEZA
22,ORELLANA,ORELLANA,NUEVO PARAÍSO (CAB. EN UNIÓN
22,ORELLANA,ORELLANA,SAN JOSÉ DE GUAYUSA
22,ORELLANA,ORELLANA,SAN LUIS DE ARMENIA
22,ORELLANA,AGUARICO,TIPITINI
22,ORELLANA,AGUARICO,NUEVO ROCAFUERTE
22,ORELLANA,AGUARICO,CAPITÁN AUGUSTO RIVADENEYRA
22,ORELLANA,AGUARICO,CONONACO
22,ORELLANA,AGUARICO,SANTA MARÍA DE HUIRIRIMA
22,ORELLANA,AGUARICO,TIPUTINI
R,,,
